"","Species","Age","Sex","Wing","Weight","Tail","Year"
"1","Red-tailed","Immature","Unknown",385,920,219,1992
"2","Red-tailed","Immature","Unknown",376,930,221,1992
"3","Red-tailed","Immature","Unknown",381,990,235,1992
"4","Cooper's","Immature","F",265,470,220,1992
"5","Sharp-shinned","Immature","F",205,170,157,1992
"6","Red-tailed","Immature","Unknown",412,1090,230,1992
"7","Red-tailed","Immature","Unknown",370,960,212,1992
"8","Red-tailed","Adult","Unknown",375,855,243,1992
"9","Red-tailed","Adult","Unknown",412,1210,210,1992
"10","Red-tailed","Immature","Unknown",405,1120,238,1992
"11","Red-tailed","Immature","Unknown",393,1010,222,1992
"12","Red-tailed","Immature","Unknown",371,1010,217,1992
"13","Red-tailed","Adult","Unknown",390,1120,213,1992
"14","Red-tailed","Immature","Unknown",416,1170,243,1992
"15","Red-tailed","Adult","Unknown",436,1390,232,1992
"16","Red-tailed","Immature","Unknown",418,1150,238,1992
"17","Red-tailed","Adult","Unknown",381,950,202,1992
"18","Red-tailed","Immature","Unknown",378,910,227,1992
"19","Red-tailed","Immature","Unknown",396,1010,227,1992
"20","Red-tailed","Immature","Unknown",399,1070,222,1992
"21","Red-tailed","Immature","Unknown",416,1190,237,1992
"22","Red-tailed","Immature","Unknown",415,101,238,1992
"23","Red-tailed","Adult","Unknown",392,1330,213,1992
"24","Red-tailed","Immature","Unknown",380,990,211,1992
"25","Sharp-shinned","Immature","M",173,100,130,1992
"26","Red-tailed","Immature","Unknown",399,1100,190,1992
"27","Red-tailed","Adult","Unknown",401,1190,245,1992
"28","Sharp-shinned","Immature","F",205,180,164,1992
"29","Red-tailed","Immature","Unknown",427,1490,246,1992
"30","Red-tailed","Adult","Unknown",395,1040,207,1992
"31","Red-tailed","Immature","Unknown",362,820,209,1992
"32","Red-tailed","Adult","Unknown",396,1030,200,1992
"33","Red-tailed","Adult","Unknown",391,1300,215,1992
"34","Red-tailed","Adult","Unknown",413,1500,219,1992
"35","Red-tailed","Adult","Unknown",371,1080,198,1992
"36","Red-tailed","Adult","Unknown",385,1320,207,1992
"37","Red-tailed","Adult","Unknown",378,1490,204,1992
"38","Red-tailed","Adult","Unknown",416,1500,205,1992
"39","Sharp-shinned","Immature","M",193,100,144,1993
"40","Sharp-shinned","Immature","M",171,88,136,1993
"41","Cooper's","Immature","Unknown",233,324,191,1993
"42","Red-tailed","Immature","Unknown",384,1060,230,1993
"43","Red-tailed","Immature","Unknown",382,1140,227,1993
"44","Red-tailed","Immature","Unknown",390,1030,208,1993
"45","Red-tailed","Immature","Unknown",390,1000,231,1993
"46","Red-tailed","Immature","Unknown",393,1050,222,1993
"47","Red-tailed","Immature","Unknown",378,1040,225,1993
"48","Red-tailed","Immature","Unknown",398,1110,225,1993
"49","Red-tailed","Immature","Unknown",412,1300,233,1993
"50","Red-tailed","Immature","Unknown",400,980,214,1993
"51","Red-tailed","Immature","Unknown",422,1120,233,1993
"52","Sharp-shinned","Immature","F",202,134,158,1993
"53","Red-tailed","Immature","Unknown",394,1270,245,1993
"54","Red-tailed","Immature","Unknown",369,880,210,1993
"55","Cooper's","Immature","F",252,340,230,1993
"56","Cooper's","Adult","M",240,340,192,1993
"57","Red-tailed","Immature","Unknown",410,1255,229,1993
"58","Red-tailed","Immature","Unknown",241,1320,235,1993
"59","Red-tailed","Immature","Unknown",408,1320,221,1993
"60","Red-tailed","Immature","Unknown",37.2,1180,210,1993
"61","Red-tailed","Immature","Unknown",380,760,212,1993
"62","Red-tailed","Immature","Unknown",396,1250,225,1993
"63","Sharp-shinned","Immature","M",158,100,122,1993
"64","Red-tailed","Immature","Unknown",416,1300,235,1993
"65","Cooper's","Immature","F",271,475,232,1993
"66","Sharp-shinned","Adult","M",176,100,133,1993
"67","Red-tailed","Adult","Unknown",390,1080,209,1993
"68","Red-tailed","Adult","Unknown",391,1130,212,1993
"69","Red-tailed","Adult","Unknown",387,1160,209,1993
"70","Red-tailed","Immature","Unknown",420,1345,250,1993
"71","Red-tailed","Adult","Unknown",435,1385,235,1993
"72","Red-tailed","Adult","Unknown",400,1210,222,1993
"73","Red-tailed","Immature","Unknown",398,1455,236,1993
"74","Red-tailed","Immature","Unknown",395,1180,210,1993
"75","Red-tailed","Immature","Unknown",410,1500,239,1993
"76","Red-tailed","Immature","Unknown",369,1025,228,1994
"77","Red-tailed","Immature","Unknown",372,930,220,1994
"78","Red-tailed","Immature","Unknown",415,1360,233,1994
"79","Red-tailed","Immature","Unknown",412,1255,236,1994
"80","Sharp-shinned","Immature","F",205,194,155,1994
"81","Sharp-shinned","Immature","F",204,159,152,1994
"82","Sharp-shinned","Immature","M",170,90,135,1994
"83","Cooper's","Adult","M",233,340,186,1994
"84","Red-tailed","Immature","Unknown",375,1065,216,1994
"85","Red-tailed","Immature","Unknown",385,1125,233,1994
"86","Red-tailed","Immature","Unknown",422,1340,248,1994
"87","Red-tailed","Immature","Unknown",391,1050,221,1994
"88","Red-tailed","Immature","Unknown",410,1210,227,1994
"89","Red-tailed","Immature","Unknown",385,980,223,1994
"90","Red-tailed","Immature","Unknown",381,1000,219,1994
"91","Red-tailed","Adult","Unknown",416,1390,225,1994
"92","Red-tailed","Immature","Unknown",406,1275,238,1994
"93","Red-tailed","Immature","Unknown",418,1180,235,1994
"94","Red-tailed","Immature","Unknown",412,1210,222,1994
"95","Sharp-shinned","Adult","F",208,168,155,1994
"96","Sharp-shinned","Immature","F",208,146,160,1994
"97","Sharp-shinned","Immature","M",175,108,137,1994
"98","Sharp-shinned","Immature","M",166,94,127,1994
"99","Red-tailed","Immature","Unknown",405,1085,238,1994
"100","Sharp-shinned","Adult","F",198,188,150,1994
"101","Sharp-shinned","Immature","F",200,154,150,1994
"102","Red-tailed","Immature","Unknown",380,810,229,1994
"103","Red-tailed","Immature","Unknown",381,905,227,1994
"104","Sharp-shinned","Immature","M",169,94,129,1994
"105","Cooper's","Immature","F",260,420,220,1994
"106","Red-tailed","Immature","Unknown",428,1240,245,1994
"107","Red-tailed","Immature","Unknown",400,990,223,1994
"108","Cooper's","Immature","F",265,365,224,1994
"109","Sharp-shinned","Immature","M",177,91,133,1994
"110","Red-tailed","Immature","Unknown",381,1010,210,1994
"111","Red-tailed","Immature","Unknown",403,980,234,1994
"112","Red-tailed","Immature","Unknown",382,860,219,1994
"113","Red-tailed","Immature","Unknown",382,970,216,1994
"114","Red-tailed","Immature","Unknown",399,980,230,1994
"115","Red-tailed","Immature","Unknown",380,985,223,1994
"116","Red-tailed","Immature","Unknown",375,990,220,1994
"117","Red-tailed","Immature","Unknown",420,1210,241,1994
"118","Sharp-shinned","Immature","M",170,89,136,1994
"119","Sharp-shinned","Adult","M",177,97,137,1994
"120","Red-tailed","Immature","Unknown",375,990,223,1994
"121","Red-tailed","Immature","Unknown",395,1170,238,1994
"122","Sharp-shinned","Adult","M",170,93,126,1994
"123","Red-tailed","Immature","Unknown",406,1350,235,1994
"124","Red-tailed","Immature","Unknown",414,1370,240,1994
"125","Sharp-shinned","Immature","M",173,103,137,1994
"126","Sharp-shinned","Immature","F",209,151,160,1994
"127","Sharp-shinned","Immature","M",177,101,140,1994
"128","Red-tailed","Immature","Unknown",388,985,220,1994
"129","Red-tailed","Immature","Unknown",277,940,218,1994
"130","Red-tailed","Immature","Unknown",423,1310,234,1994
"131","Red-tailed","Immature","Unknown",365,1035,232,1994
"132","Red-tailed","Immature","Unknown",383,965,221,1994
"133","Red-tailed","Immature","Unknown",391,1125,220,1994
"134","Red-tailed","Immature","Unknown",389,975,232,1994
"135","Red-tailed","Immature","Unknown",392,1140,214,1994
"136","Red-tailed","Immature","Unknown",375,950,225,1994
"137","Red-tailed","Immature","Unknown",410,1210,238,1994
"138","Sharp-shinned","Immature","M",179,95,133,1994
"139","Sharp-shinned","Immature","M",172,89,136,1994
"140","Sharp-shinned","Adult","F",202,195,151,1994
"141","Sharp-shinned","Immature","M",174,93,131,1994
"142","Red-tailed","Immature","Unknown",422,1205,238,1994
"143","Red-tailed","Immature","Unknown",385,1045,229,1994
"144","Red-tailed","Immature","Unknown",363,1090,202,1994
"145","Red-tailed","Immature","Unknown",450,1190,226,1994
"146","Red-tailed","Immature","Unknown",380,960,220,1994
"147","Red-tailed","Immature","Unknown",385,955,215,1994
"148","Red-tailed","Immature","Unknown",385,1110,122,1994
"149","Sharp-shinned","Immature","M",171,100,134,1994
"150","Red-tailed","Immature","Unknown",380,900,215,1994
"151","Red-tailed","Immature","Unknown",384,1075,208,1994
"152","Red-tailed","Immature","Unknown",373,980,211,1994
"153","Red-tailed","Immature","Unknown",381,940,220,1994
"154","Red-tailed","Immature","Unknown",363,1070,204,1994
"155","Red-tailed","Immature","Unknown",409,1120,229,1994
"156","Red-tailed","Adult","Unknown",390,1060,205,1994
"157","Sharp-shinned","Immature","F",204,168,155,1994
"158","Sharp-shinned","Immature","F",197,211,150,1994
"159","Red-tailed","Immature","Unknown",420,1125,244,1994
"160","Red-tailed","Immature","Unknown",381,1100,225,1994
"161","Red-tailed","Immature","Unknown",408,1360,239,1994
"162","Red-tailed","Immature","Unknown",388,995,222,1994
"163","Red-tailed","Adult","Unknown",398,1095,209,1994
"164","Sharp-shinned","Immature","F",209,196,164,1994
"165","Sharp-shinned","Immature","F",209,176,159,1994
"166","Red-tailed","Adult","Unknown",394,1075,211,1994
"167","Sharp-shinned","Adult","F",204,180,160,1994
"168","Sharp-shinned","Immature","F",204,164,157,1994
"169","Sharp-shinned","Immature","F",209,158,160,1994
"170","Red-tailed","Immature","Unknown",394,1140,216,1994
"171","Red-tailed","Immature","Unknown",416,1240,250,1994
"172","Red-tailed","Immature","Unknown",445,1465,260,1994
"173","Sharp-shinned","Immature","F",209,169,164,1994
"174","Red-tailed","Immature","Unknown",388,1105,217,1994
"175","Red-tailed","Immature","Unknown",397,1010,228,1994
"176","Red-tailed","Immature","Unknown",384,1075,218,1994
"177","Red-tailed","Immature","Unknown",379,1060,220,1994
"178","Red-tailed","Immature","Unknown",393,1015,227,1994
"179","Red-tailed","Immature","Unknown",386,1100,211,1994
"180","Red-tailed","Immature","Unknown",397,1010,222,1994
"181","Red-tailed","Immature","Unknown",382,1000,225,1994
"182","Red-tailed","Immature","Unknown",386,980,221,1994
"183","Red-tailed","Immature","Unknown",417,1240,231,1994
"184","Red-tailed","Immature","Unknown",403,1360,235,1994
"185","Cooper's","Adult","M",239,183,182,1994
"186","Red-tailed","Immature","Unknown",401,1405,235,1994
"187","Red-tailed","Adult","Unknown",377,1055,200,1994
"188","Red-tailed","Adult","Unknown",432,1670,216,1994
"189","Red-tailed","Immature","Unknown",390,1250,223,1994
"190","Red-tailed","Immature","Unknown",381,1030,210,1994
"191","Red-tailed","Immature","Unknown",403,1040,229,1994
"192","Sharp-shinned","Immature","F",213,190,160,1994
"193","Sharp-shinned","Immature","M",172,105,125,1994
"194","Red-tailed","Immature","Unknown",390,1090,226,1994
"195","Sharp-shinned","Immature","F",204,190,154,1994
"196","Red-tailed","Adult","Unknown",386,1050,207,1994
"197","Red-tailed","Immature","Unknown",402,1110,238,1994
"198","Sharp-shinned","Immature","F",201,206,151,1994
"199","Sharp-shinned","Immature","F",202,195,158,1994
"200","Red-tailed","Adult","Unknown",374,1010,197,1994
"201","Red-tailed","Immature","Unknown",358,880,250,1994
"202","Red-tailed","Immature","Unknown",370,1060,215,1994
"203","Red-tailed","Immature","Unknown",390,920,214,1994
"204","Red-tailed","Immature","Unknown",398,1195,230,1994
"205","Red-tailed","Immature","Unknown",360,890,213,1995
"206","Red-tailed","Immature","Unknown",355,900,214,1995
"207","Red-tailed","Adult","Unknown",375,1110,224,1995
"208","Sharp-shinned","Immature","F",200,160,153,1995
"209","Sharp-shinned","Immature","M",179,105,131,1995
"210","Sharp-shinned","Immature","M",175,99,145,1995
"211","Sharp-shinned","Immature","F",203,165,165,1995
"212","Sharp-shinned","Immature","F",205,100,168,1995
"213","Sharp-shinned","Immature","F",213,125,156,1995
"214","Red-tailed","Immature","Unknown",409,1100,215,1995
"215","Sharp-shinned","Immature","F",195,155,155,1995
"216","Red-tailed","Immature","Unknown",415,1285,239,1995
"217","Cooper's","Adult","M",236,390,185,1995
"218","Red-tailed","Immature","Unknown",363,920,214,1995
"219","Red-tailed","Immature","Unknown",381,1025,232,1995
"220","Red-tailed","Adult","Unknown",350,940,205,1995
"221","Red-tailed","Immature","Unknown",398,1240,243,1995
"222","Red-tailed","Immature","Unknown",412,1160,255,1995
"223","Sharp-shinned","Immature","F",203,150,159,1995
"224","Sharp-shinned","Immature","F",201,130,156,1995
"225","Red-tailed","Immature","Unknown",411,1240,276,1995
"226","Red-tailed","Immature","Unknown",373,930,210,1995
"227","Sharp-shinned","Immature","M",178,90,145,1995
"228","Red-tailed","Immature","Unknown",415,1240,231,1995
"229","Red-tailed","Immature","Unknown",383,1030,216,1995
"230","Cooper's","Immature","M",223,550,210,1995
"231","Red-tailed","Immature","Unknown",390,1250,210,1995
"232","Red-tailed","Immature","Unknown",390,999,220,1995
"233","Red-tailed","Adult","Unknown",365,1120,260,1995
"234","Red-tailed","Adult","Unknown",345,1000,200,1995
"235","Cooper's","Immature","F",273,530,213,1995
"236","Red-tailed","Immature","Unknown",400,1040,230,1995
"237","Red-tailed","Immature","Unknown",380,1150,220,1995
"238","Red-tailed","Immature","Unknown",330,1000,220,1995
"239","Red-tailed","Immature","Unknown",410,1360,235,1995
"240","Red-tailed","Immature","Unknown",313,930,215,1995
"241","Red-tailed","Immature","Unknown",384,980,215,1995
"242","Red-tailed","Immature","Unknown",409,1260,221,1995
"243","Red-tailed","Immature","Unknown",390,900,225,1995
"244","Red-tailed","Immature","Unknown",411,1300,238,1995
"245","Cooper's","Immature","F",259,470,221,1995
"246","Red-tailed","Adult","Unknown",380,1040,212,1995
"247","Red-tailed","Immature","Unknown",370,950,215,1995
"248","Red-tailed","Immature","Unknown",415,1320,235,1995
"249","Sharp-shinned","Immature","F",215,180,132,1995
"250","Red-tailed","Immature","Unknown",410,1280,229,1995
"251","Red-tailed","Immature","Unknown",412,1310,251,1995
"252","Red-tailed","Adult","Unknown",384,910,215,1995
"253","Red-tailed","Immature","Unknown",404,1220,225,1995
"254","Red-tailed","Immature","Unknown",375,920,210,1995
"255","Red-tailed","Immature","Unknown",410,1135,267,1995
"256","Red-tailed","Immature","Unknown",384,940,220,1995
"257","Red-tailed","Immature","Unknown",385,920,238,1995
"258","Red-tailed","Immature","Unknown",398,1280,248,1995
"259","Red-tailed","Immature","Unknown",425,1220,241,1995
"260","Red-tailed","Immature","Unknown",401,1000,212,1995
"261","Red-tailed","Immature","Unknown",387,1120,221,1995
"262","Red-tailed","Immature","Unknown",376,925,233,1995
"263","Sharp-shinned","Adult","M",171,90,138,1995
"264","Red-tailed","Adult","Unknown",420,1280,230,1995
"265","Red-tailed","Immature","Unknown",385,985,223,1995
"266","Red-tailed","Immature","Unknown",405,1350,226,1995
"267","Red-tailed","Immature","Unknown",350,730,208,1995
"268","Red-tailed","Immature","Unknown",388,890,231,1995
"269","Red-tailed","Immature","Unknown",398,1020,217,1995
"270","Red-tailed","Adult","Unknown",410,1000,230,1995
"271","Sharp-shinned","Immature","F",202,150,153,1995
"272","Sharp-shinned","Immature","F",204,180,186,1995
"273","Red-tailed","Adult","Unknown",382,1020,225,1995
"274","Red-tailed","Immature","Unknown",111,1340,226,1995
"275","Red-tailed","Immature","Unknown",396,1300,214,1995
"276","Red-tailed","Immature","Unknown",363,1015,242,1995
"277","Red-tailed","Immature","Unknown",360,900,220,1996
"278","Red-tailed","Immature","Unknown",390,1000,250,1996
"279","Sharp-shinned","Immature","M",195,150,178,1996
"280","Red-tailed","Adult","Unknown",390,1050,220,1996
"281","Red-tailed","Immature","Unknown",380,950,240,1996
"282","Cooper's","Immature","M",225,350,215,1996
"283","Cooper's","Adult","M",247,375,160,1996
"284","Red-tailed","Adult","Unknown",415,1175,230,1996
"285","Red-tailed","Immature","Unknown",354,980,220,1996
"286","Red-tailed","Adult","Unknown",417,1260,234,1996
"287","Red-tailed","Immature","Unknown",379,1050,226,1996
"288","Red-tailed","Adult","Unknown",412,1330,218,1996
"289","Red-tailed","Adult","Unknown",377,980,209,1996
"290","Red-tailed","Immature","Unknown",372,920,228,1996
"291","Red-tailed","Immature","Unknown",420,1540,235,1996
"292","Red-tailed","Immature","Unknown",368,1060,223,1996
"293","Red-tailed","Immature","Unknown",406,1420,245,1996
"294","Cooper's","Immature","M",225,400,202,1996
"295","Red-tailed","Immature","Unknown",392,1142,235,1997
"296","Sharp-shinned","Immature","F",191,157,158,1997
"297","Sharp-shinned","Immature","M",161,98,133,1997
"298","Red-tailed","Immature","Unknown",365,813,221,1997
"299","Sharp-shinned","Immature","M",156,94,125,1997
"300","Sharp-shinned","Immature","F",191,155,158,1997
"301","Sharp-shinned","Immature","F",198,181,159,1997
"302","Sharp-shinned","Immature","M",160,92,132,1997
"303","Sharp-shinned","Immature","M",164,98,136,1997
"304","Red-tailed","Immature","Unknown",352,1024,216,1997
"305","Cooper's","Immature","F",265,464,225,1997
"306","Sharp-shinned","Immature","M",163,100,137,1997
"307","Sharp-shinned","Immature","F",193,186,155,1997
"308","Sharp-shinned","Immature","F",190,164,155,1997
"309","Sharp-shinned","Immature","M",165,98,138,1997
"310","Sharp-shinned","Adult","F",198,158,154,1997
"311","Red-tailed","Immature","Unknown",370,1023,216,1997
"312","Red-tailed","Immature","Unknown",230,340,200,1997
"313","Cooper's","Immature","M",194,163,158,1997
"314","Sharp-shinned","Immature","F",157,92,132,1997
"315","Sharp-shinned","Immature","M",260,550,215,1997
"316","Cooper's","Adult","F",377,1119,226,1997
"317","Red-tailed","Immature","Unknown",364,917,216,1997
"318","Red-tailed","Immature","Unknown",367,946,221,1997
"319","Red-tailed","Immature","Unknown",233,337,196,1997
"320","Cooper's","Immature","M",336,742,221,1997
"321","Sharp-shinned","Immature","F",259,439,218,1997
"322","Cooper's","Immature","F",199,187,157,1997
"323","Sharp-shinned","Immature","F",165,92,135,1997
"324","Sharp-shinned","Immature","M",370,1094,221,1997
"325","Red-tailed","Immature","Unknown",362,832,210,1997
"326","Red-tailed","Adult","Unknown",368,1244,220,1997
"327","Red-tailed","Immature","Unknown",368,1244,220,1997
"328","Red-tailed","Immature","Unknown",367,974,221,1997
"329","Red-tailed","Immature","Unknown",400,1289,242,1997
"330","Red-tailed","Immature","Unknown",379,999,220,1997
"331","Red-tailed","Immature","Unknown",360,994,210,1997
"332","Red-tailed","Immature","Unknown",362,1004,221,1997
"333","Red-tailed","Immature","Unknown",378,1097,236,1997
"334","Sharp-shinned","Immature","F",201,185,162,1997
"335","Sharp-shinned","Immature","M",193,181,150,1997
"336","Red-tailed","Immature","Unknown",372,1092,235,1997
"337","Red-tailed","Immature","Unknown",369,1049,231,1997
"338","Red-tailed","Immature","Unknown",354,998,227,1997
"339","Red-tailed","Immature","Unknown",367,1091,238,1997
"340","Red-tailed","Immature","Unknown",349,987,225,1997
"341","Red-tailed","Immature","Unknown",375,1151,249,1997
"342","Red-tailed","Immature","Unknown",343,971,213,1997
"343","Red-tailed","Immature","Unknown",360,1159,240,1997
"344","Red-tailed","Immature","Unknown",395,1239,231,1997
"345","Red-tailed","Immature","Unknown",400,1216,227,1997
"346","Sharp-shinned","Adult","F",170,177,155,1997
"347","Cooper's","Immature","F",268,469,227,1997
"348","Red-tailed","Immature","Unknown",369,1039,223,1997
"349","Red-tailed","Immature","Unknown",365,1079,228,1997
"350","Red-tailed","Adult","Unknown",375,1159,242,1997
"351","Sharp-shinned","Immature","M",230,162,149,1997
"352","Cooper's","Adult","M",213,339,184,1997
"353","Red-tailed","Adult","Unknown",382,1403,247,1997
"354","Sharp-shinned","Immature","M",168,175,158,1997
"355","Red-tailed","Adult","Unknown",478,1473,267,1997
"356","Red-tailed","Immature","Unknown",469,1001,257,1997
"357","Sharp-shinned","Immature","M",172,98,148,1997
"358","Red-tailed","Immature","Unknown",373,914,221,1997
"359","Red-tailed","Adult","Unknown",386,1059,214,1997
"360","Red-tailed","Immature","Unknown",384,1147,229,1997
"361","Red-tailed","Immature","Unknown",351,949,213,1997
"362","Sharp-shinned","Immature","M",168,102,138,1997
"363","Red-tailed","Immature","Unknown",363,973,213,1997
"364","Sharp-shinned","Immature","F",199,196,158,1997
"365","Cooper's","Immature","M",235,327,193,1997
"366","Red-tailed","Adult","Unknown",374,1064,201,1997
"367","Red-tailed","Immature","Unknown",369,749,216,1997
"368","Sharp-shinned","Immature","F",202,201,165,1997
"369","Sharp-shinned","Immature","F",202,180,160,1997
"370","Red-tailed","Immature","Unknown",374,1213,244,1997
"371","Red-tailed","Immature","Unknown",389,1200,230,1997
"372","Red-tailed","Immature","Unknown",379,1040,227,1997
"373","Sharp-shinned","Immature","M",170,113,139,1997
"374","Red-tailed","Immature","Unknown",373,919,233,1998
"375","Red-tailed","Immature","Unknown",403,1487,240,1998
"376","Red-tailed","Immature","Unknown",400,1254,237,1998
"377","Sharp-shinned","Adult","F",205,156,144,1998
"378","Red-tailed","Immature","Unknown",405,1189,210,1998
"379","Red-tailed","Immature","Unknown",382,979,225,1998
"380","Sharp-shinned","Adult","M",165,96,125,1998
"381","Red-tailed","Immature","Unknown",407,1339,246,1998
"382","Red-tailed","Immature","Unknown",403,1199,225,1998
"383","Red-tailed","Immature","Unknown",406,1344,230,1998
"384","Red-tailed","Immature","Unknown",381,969,220,1998
"385","Red-tailed","Immature","Unknown",395,1039,230,1998
"386","Red-tailed","Immature","Unknown",410,1054,233,1998
"387","Cooper's","Adult","F",243,334,196,1998
"388","Sharp-shinned","Immature","M",170,101,135,1998
"389","Sharp-shinned","Adult","F",210,181,170,1998
"390","Red-tailed","Adult","Unknown",425,1449,232,1998
"391","Red-tailed","Immature","Unknown",402,985,234,1998
"392","Red-tailed","Adult","Unknown",480,1598,239,1998
"393","Red-tailed","Immature","Unknown",412,992,230,1998
"394","Cooper's","Immature","F",260,569,227,1998
"395","Red-tailed","Adult","Unknown",381,1354,213,1998
"396","Red-tailed","Adult","Unknown",392,969,207,1998
"397","Red-tailed","Immature","Unknown",382,1080,214,1998
"398","Sharp-shinned","Adult","F",196,185,146,1998
"399","Red-tailed","Adult","Unknown",391,1097,217,1998
"400","Red-tailed","Adult","Unknown",397,1439,216,1998
"401","Red-tailed","Immature","Unknown",376,1019,216,1998
"402","Red-tailed","Adult","Unknown",410,1239,222,1998
"403","Red-tailed","Immature","Unknown",381,1399,288,1998
"404","Red-tailed","Immature","Unknown",396,1169,238,1998
"405","Red-tailed","Immature","Unknown",383,1164,199,1998
"406","Sharp-shinned","Immature","F",203,176,161,1998
"407","Cooper's","Immature","F",255,429,208,1999
"408","Sharp-shinned","Immature","F",196,160,137,1999
"409","Sharp-shinned","Immature","M",168,105,143,1999
"410","Red-tailed","Immature","Unknown",392,890,219,1999
"411","Sharp-shinned","Immature","M",163,100,128,1999
"412","Red-tailed","Immature","Unknown",395,1215,236,1999
"413","Sharp-shinned","Immature","M",163,100,131,1999
"414","Red-tailed","Immature","Unknown",370,1030,225,1999
"415","Cooper's","Adult","M",225,340,190,1999
"416","Sharp-shinned","Immature","F",197,165,150,1999
"417","Red-tailed","Immature","Unknown",376,985,223,1999
"418","Red-tailed","Immature","Unknown",372,975,225,1999
"419","Red-tailed","Immature","Unknown",391,1165,241,1999
"420","Sharp-shinned","Immature","Unknown",165,95,136,1999
"421","Red-tailed","Immature","Unknown",364,1044,210,1999
"422","Sharp-shinned","Adult","F",202,180,160,1999
"423","Sharp-shinned","Immature","M",163,125,135,1999
"424","Red-tailed","Immature","M",381,1080,223,1999
"425","Red-tailed","Immature","Unknown",375,890,219,1999
"426","Red-tailed","Immature","Unknown",392,1105,229,1999
"427","Red-tailed","Adult","Unknown",398,1310,211,1999
"428","Red-tailed","Immature","Unknown",371,895,204,1999
"429","Red-tailed","Adult","Unknown",367,1060,204,1999
"430","Sharp-shinned","Adult","F",193,165,146,1999
"431","Red-tailed","Adult","Unknown",375,960,214,1999
"432","Red-tailed","Immature","Unknown",408,1270,236,1999
"433","Cooper's","Adult","F",252,540,185,1999
"434","Cooper's","Adult","M",237,365,195,1999
"435","Red-tailed","Immature","Unknown",399,1170,247,1999
"436","Cooper's","Adult","F",268,590,215,1999
"437","Red-tailed","Immature","Unknown",388,1225,227,1999
"438","Sharp-shinned","Adult","F",200,175,155,1999
"439","Sharp-shinned","Immature","F",192,170,159,1999
"440","Sharp-shinned","Adult","M",167,100,132,1999
"441","Red-tailed","Immature","Unknown",370,1060,225,1999
"442","Sharp-shinned","Adult","M",162,110,130,1999
"443","Red-tailed","Immature","Unknown",363,850,220,1999
"444","Red-tailed","Immature","Unknown",371,1145,215,1999
"445","Sharp-shinned","Adult","F",199,165,161,1999
"446","Red-tailed","Immature","Unknown",386,1090,226,1999
"447","Red-tailed","Immature","Unknown",400,1345,227,1999
"448","Red-tailed","Immature","Unknown",390,1050,236,1999
"449","Sharp-shinned","Adult","F",199,200,169,1999
"450","Cooper's","Adult","F",254,505,212,1999
"451","Red-tailed","Adult","Unknown",382,1040,210,1999
"452","Sharp-shinned","Adult","F",196,155,164,1999
"453","Red-tailed","Immature","Unknown",354,965,226,1999
"454","Red-tailed","Immature","Unknown",403,1105,242,1999
"455","Sharp-shinned","Immature","F",194,155,153,1999
"456","Red-tailed","Immature","Unknown",375,1045,221,1999
"457","Red-tailed","Immature","Unknown",369,900,220,1999
"458","Red-tailed","Immature","Unknown",368,1015,219,1999
"459","Red-tailed","Adult","Unknown",393,1385,225,1999
"460","Red-tailed","Immature","Unknown",370,1165,221,1999
"461","Red-tailed","Immature","Unknown",378,905,215,1999
"462","Red-tailed","Immature","Unknown",369,985,223,1999
"463","Red-tailed","Immature","Unknown",364,800,219,1999
"464","Red-tailed","Immature","Unknown",387,995,235,1999
"465","Red-tailed","Adult","Unknown",410,1460,216,1999
"466","Sharp-shinned","Immature","F",194,165,151,1999
"467","Red-tailed","Adult","Unknown",410,1585,130,1999
"468","Sharp-shinned","Adult","F",194,185,154,1999
"469","Red-tailed","Immature","Unknown",373,920,223,1999
"470","Red-tailed","Immature","Unknown",390,1460,221,1999
"471","Red-tailed","Adult","Unknown",404,1315,220,1999
"472","Red-tailed","Immature","Unknown",375,1019,186,1999
"473","Red-tailed","Immature","Unknown",395,1215,217,1999
"474","Red-tailed","Immature","Unknown",379,1005,209,1999
"475","Red-tailed","Immature","Unknown",382,1350,215,1999
"476","Red-tailed","Immature","Unknown",404,1145,214,1999
"477","Sharp-shinned","Adult","F",205,175,169,1999
"478","Red-tailed","Adult","Unknown",377,1010,207,1999
"479","Sharp-shinned","Immature","M",184,155,153,1999
"480","Red-tailed","Immature","Unknown",390,1120,210,1999
"481","Red-tailed","Adult","Unknown",404,280,224,1999
"482","Red-tailed","Immature","Unknown",351,775,200,1999
"483","Red-tailed","Immature","Unknown",394,1210,207,1999
"484","Sharp-shinned","Adult","M",175,107,137,1999
"485","Red-tailed","Adult","Unknown",372,909,212,1999
"486","Sharp-shinned","Immature","M",169,95,132,1999
"487","Red-tailed","Immature","Unknown",376,1145,226,1999
"488","Red-tailed","Immature","Unknown",399,1150,232,1999
"489","Red-tailed","Immature","Unknown",399,1560,228,1999
"490","Red-tailed","Immature","Unknown",357,940,205,1999
"491","Sharp-shinned","Immature","F",195,145,155,2000
"492","Red-tailed","Immature","Unknown",400,1089,228,2000
"493","Red-tailed","Immature","Unknown",382,1194,237,2000
"494","Sharp-shinned","Immature","M",161,95,135,2000
"495","Red-tailed","Immature","Unknown",390,1015,230,2000
"496","Red-tailed","Immature","Unknown",379,975,219,2000
"497","Red-tailed","Immature","Unknown",376,1035,223,2000
"498","Red-tailed","Adult","Unknown",331,1055,210,2000
"499","Red-tailed","Immature","Unknown",371,945,222,2000
"500","Sharp-shinned","Immature","M",160,90,124,2000
"501","Red-tailed","Immature","Unknown",361,785,201,2000
"502","Cooper's","Adult","F",268,56,206,2000
"503","Red-tailed","Immature","Unknown",394,1220,234,2000
"504","Sharp-shinned","Adult","F",191,175,149,2000
"505","Red-tailed","Adult","Unknown",358,1025,204,2000
"506","Red-tailed","Immature","Unknown",380,1000,204,2000
"507","Sharp-shinned","Adult","F",188,175,154,2000
"508","Red-tailed","Immature","Unknown",397,1210,224,2000
"509","Sharp-shinned","Adult","F",196,180,150,2000
"510","Sharp-shinned","Adult","F",190,175,147,2000
"511","Sharp-shinned","Immature","M",161,90,130,2000
"512","Cooper's","Adult","F",145,320,180,2000
"513","Red-tailed","Immature","Unknown",392,1185,229,2000
"514","Cooper's","Immature","M",230,350,187,2000
"515","Red-tailed","Immature","Unknown",363,950,214,2000
"516","Sharp-shinned","Immature","M",162,85,132,2000
"517","Red-tailed","Immature","Unknown",374,895,219,2000
"518","Red-tailed","Immature","Unknown",412,1150,230,2000
"519","Cooper's","Immature","F",272,565,219,2000
"520","Red-tailed","Immature","Unknown",388,950,230,2000
"521","Red-tailed","Immature","Unknown",371,990,217,2000
"522","Cooper's","Immature","M",225,325,179,2000
"523","Red-tailed","Immature","Unknown",391,1120,225,2000
"524","Sharp-shinned","Immature","M",163,90,123,2000
"525","Red-tailed","Immature","F",410,1120,229,2000
"526","Red-tailed","Immature","Unknown",368,820,215,2000
"527","Red-tailed","Immature","F",410,1200,247,2000
"528","Red-tailed","Adult","F",425,1120,222,2000
"529","Red-tailed","Immature","Unknown",368,1120,220,2000
"530","Red-tailed","Immature","Unknown",392,1220,234,2000
"531","Sharp-shinned","Immature","M",250,470,192,2000
"532","Red-tailed","Immature","Unknown",418,1310,248,2000
"533","Red-tailed","Immature","Unknown",370,920,221,2000
"534","Sharp-shinned","Adult","M",170,100,132,2000
"535","Sharp-shinned","Adult","F",203,180,162,2000
"536","Red-tailed","Adult","Unknown",370,955,218,2000
"537","Red-tailed","Adult","Unknown",408,1225,225,2000
"538","Red-tailed","Adult","Unknown",393,1400,215,2000
"539","Red-tailed","Immature","Unknown",365,1025,225,2000
"540","Red-tailed","Immature","Unknown",405,1140,244,2000
"541","Red-tailed","Immature","Unknown",381,1080,232,2000
"542","Red-tailed","Immature","Unknown",390,1135,238,2000
"543","Red-tailed","Immature","Unknown",384,1430,231,2000
"544","Red-tailed","Immature","Unknown",390,1050,218,2000
"545","Red-tailed","Immature","Unknown",381,920,223,2000
"546","Sharp-shinned","Adult","F",194,175,152,2000
"547","Red-tailed","Immature","Unknown",371,905,197,2000
"548","Red-tailed","Immature","Unknown",356,915,195,2000
"549","Red-tailed","Immature","Unknown",377,910,206,2000
"550","Red-tailed","Immature","Unknown",362,950,213,2000
"551","Sharp-shinned","Adult","M",165,105,127,2000
"552","Sharp-shinned","Adult","M",155,100,122,2000
"553","Red-tailed","Immature","Unknown",400,1225,222,2000
"554","Sharp-shinned","Adult","M",161,105,124,2000
"555","Red-tailed","Immature","Unknown",387,1090,227,2000
"556","Red-tailed","Immature","Unknown",409,1350,235,2000
"557","Sharp-shinned","Adult","F",195,200,158,2000
"558","Sharp-shinned","Adult","F",196,200,150,2000
"559","Sharp-shinned","Adult","M",169,100,133,2000
"560","Red-tailed","Immature","Unknown",385,940,228,2000
"561","Red-tailed","Immature","Unknown",377,920,219,2000
"562","Red-tailed","Immature","Unknown",400,1190,231,2000
"563","Sharp-shinned","Immature","M",164,90,127,2000
"564","Sharp-shinned","Adult","M",165,95,127,2000
"565","Red-tailed","Immature","Unknown",363,915,209,2000
"566","Cooper's","Adult","F",266,535,223,2000
"567","Red-tailed","Immature","Unknown",403,1310,237,2000
"568","Red-tailed","Immature","Unknown",375,950,210,2000
"569","Sharp-shinned","Adult","M",166,120,133,2000
"570","Red-tailed","Immature","Unknown",373,975,215,2000
"571","Red-tailed","Immature","Unknown",373,990,217,2000
"572","Sharp-shinned","Adult","M",170,110,135,2000
"573","Red-tailed","Adult","Unknown",373,1270,207,2000
"574","Red-tailed","Immature","Unknown",354,960,211,2000
"575","Red-tailed","Immature","Unknown",394,1290,225,2000
"576","Sharp-shinned","Immature","M",165,95,131,2000
"577","Cooper's","Adult","F",261,505,203,2000
"578","Red-tailed","Immature","Unknown",377,1045,223,2000
"579","Red-tailed","Immature","Unknown",364,1090,218,2000
"580","Red-tailed","Immature","Unknown",385,1180,222,2000
"581","Red-tailed","Immature","Unknown",390,1195,235,2000
"582","Red-tailed","Adult","Unknown",383,1055,208,2000
"583","Red-tailed","Immature","Unknown",365,1025,216,2000
"584","Sharp-shinned","Immature","F",201,175,157,2000
"585","Red-tailed","Immature","Unknown",376,940,217,2000
"586","Red-tailed","Adult","Unknown",402,1335,219,2000
"587","Red-tailed","Immature","Unknown",394,1085,235,2000
"588","Cooper's","Immature","M",223,375,185,2000
"589","Red-tailed","Adult","Unknown",378,1090,212,2000
"590","Red-tailed","Immature","Unknown",369,995,211,2000
"591","Red-tailed","Adult","Unknown",378,1090,201,2000
"592","Red-tailed","Adult","Unknown",262,1020,200,2000
"593","Sharp-shinned","Immature","M",165,100,137,2000
"594","Red-tailed","Adult","Unknown",379,1000,217,2000
"595","Red-tailed","Immature","Unknown",380,1085,223,2000
"596","Red-tailed","Adult","Unknown",380,1045,199,2000
"597","Red-tailed","Immature","Unknown",393,1060,217,2000
"598","Red-tailed","Adult","Unknown",389,1135,207,2000
"599","Red-tailed","Immature","Unknown",395,1210,222,2000
"600","Sharp-shinned","Immature","F",207,185,163,2000
"601","Red-tailed","Immature","Unknown",367,965,217,2000
"602","Red-tailed","Adult","Unknown",368,905,200,2000
"603","Red-tailed","Immature","Unknown",377,1125,220,2000
"604","Red-tailed","Immature","Unknown",374,950,216,2000
"605","Red-tailed","Adult","Unknown",385,1195,216,2000
"606","Red-tailed","Immature","Unknown",363,1005,222,2001
"607","Sharp-shinned","Immature","M",164,95,136,2001
"608","Sharp-shinned","Adult","F",199,175,142,2001
"609","Red-tailed","Immature","Unknown",378,995,213,2001
"610","Sharp-shinned","Immature","F",200,165,154,2001
"611","Red-tailed","Immature","Unknown",405,1170,226,2001
"612","Sharp-shinned","Immature","F",194,145,156,2001
"613","Sharp-shinned","Immature","F",190,175,160,2001
"614","Sharp-shinned","Immature","F",195,170,149,2001
"615","Sharp-shinned","Immature","M",161,105,131,2001
"616","Sharp-shinned","Immature","M",168,95,137,2001
"617","Sharp-shinned","Immature","M",160,95,126,2001
"618","Red-tailed","Immature","Unknown",392,1085,210,2001
"619","Sharp-shinned","Immature","F",201,165,165,2001
"620","Red-tailed","Immature","Unknown",395,1115,235,2001
"621","Red-tailed","Immature","Unknown",390,1195,222,2001
"622","Sharp-shinned","Immature","M",161,100,129,2001
"623","Cooper's","Adult","M",230,365,192,2001
"624","Sharp-shinned","Immature","F",192,170,156,2001
"625","Sharp-shinned","Immature","M",156,90,135,2001
"626","Sharp-shinned","Immature","M",158,95,129,2001
"627","Sharp-shinned","Immature","M",167,115,131,2001
"628","Sharp-shinned","Immature","F",199,155,160,2001
"629","Cooper's","Immature","F",320,229,195,2001
"630","Red-tailed","Adult","Unknown",389,1165,223,2001
"631","Cooper's","Immature","M",227,155,192,2001
"632","Cooper's","Adult","M",230,340,198,2001
"633","Sharp-shinned","Adult","F",199,180,152,2001
"634","Red-tailed","Immature","Unknown",378,235,223,2001
"635","Sharp-shinned","Immature","M",164,105,132,2001
"636","Red-tailed","Adult","Unknown",385,1085,216,2001
"637","Red-tailed","Immature","Unknown",369,970,207,2001
"638","Red-tailed","Immature","Unknown",378,1030,218,2001
"639","Red-tailed","Immature","Unknown",373,1015,215,2001
"640","Red-tailed","Adult","Unknown",419,1030,224,2001
"641","Red-tailed","Immature","Unknown",414,1215,242,2001
"642","Sharp-shinned","Adult","F",203,185,157,2001
"643","Sharp-shinned","Adult","M",162,95,119,2001
"644","Sharp-shinned","Immature","M",165,95,130,2001
"645","Sharp-shinned","Adult","M",161,95,124,2001
"646","Sharp-shinned","Immature","M",161,110,130,2001
"647","Red-tailed","Immature","Unknown",404,1170,237,2001
"648","Sharp-shinned","Immature","M",165,105,140,2001
"649","Sharp-shinned","Adult","F",199,175,159,2001
"650","Sharp-shinned","Immature","M",171,95,138,2001
"651","Sharp-shinned","Adult","F",213,190,159,2001
"652","Sharp-shinned","Adult","M",169,105,136,2001
"653","Red-tailed","Immature","Unknown",379,1435,221,2001
"654","Red-tailed","Immature","Unknown",407,1235,243,2001
"655","Red-tailed","Immature","Unknown",376,1055,222,2001
"656","Red-tailed","Immature","Unknown",380,1105,208,2001
"657","Sharp-shinned","Adult","M",172,120,132,2001
"658","Red-tailed","Immature","Unknown",408,1390,245,2001
"659","Sharp-shinned","Adult","M",167,105,131,2001
"660","Red-tailed","Adult","Unknown",374,1080,206,2001
"661","Red-tailed","Immature","Unknown",376,910,220,2001
"662","Cooper's","Immature","F",258,490,214,2001
"663","Red-tailed","Immature","Unknown",370,845,217,2001
"664","Sharp-shinned","Adult","F",202,175,162,2001
"665","Red-tailed","Immature","Unknown",363,865,210,2001
"666","Sharp-shinned","Adult","F",200,180,163,2001
"667","Red-tailed","Immature","Unknown",372,2030,196,2001
"668","Red-tailed","Adult","Unknown",378,960,206,2001
"669","Cooper's","Adult","F",254,515,218,2001
"670","Red-tailed","Immature","Unknown",361,970,218,2001
"671","Red-tailed","Adult","Unknown",389,1265,210,2001
"672","Red-tailed","Adult","Unknown",404,1300,224,2001
"673","Sharp-shinned","Immature","F",195,170,154,2001
"674","Sharp-shinned","Immature","F",203,191,161,2001
"675","Cooper's","Adult","F",253,540,209,2001
"676","Sharp-shinned","Immature","F",199,185,157,2001
"677","Sharp-shinned","Immature","F",194,165,158,2001
"678","Sharp-shinned","Adult","F",196,205,156,2001
"679","Sharp-shinned","Immature","M",168,95,133,2001
"680","Red-tailed","Adult","Unknown",395,1170,218,2001
"681","Red-tailed","Immature","Unknown",368,1075,213,2001
"682","Sharp-shinned","Immature","F",210,200,165,2001
"683","Red-tailed","Immature","Unknown",401,965,235,2001
"684","Red-tailed","Immature","Unknown",355,785,206,2001
"685","Red-tailed","Adult","Unknown",377,1095,206,2001
"686","Sharp-shinned","Immature","F",197,160,153,2001
"687","Sharp-shinned","Immature","M",171,95,135,2001
"688","Red-tailed","Adult","Unknown",277,1500,207,2001
"689","Red-tailed","Adult","Unknown",435,1595,230,2001
"690","Red-tailed","Immature","Unknown",372,985,224,2002
"691","Cooper's","Adult","F",260,565,216,2002
"692","Red-tailed","Immature","Unknown",390,240,218,2002
"693","Red-tailed","Immature","Unknown",359,875,215,2002
"694","Red-tailed","Immature","Unknown",393,1225,226,2002
"695","Red-tailed","Immature","Unknown",402,1255,242,2002
"696","Red-tailed","Immature","Unknown",362,950,212,2002
"697","Cooper's","Immature","M",227,330,193,2002
"698","Red-tailed","Adult","Unknown",359,895,201,2002
"699","Sharp-shinned","Immature","M",155,100,129,2002
"700","Cooper's","Immature","F",261,455,216,2002
"701","Sharp-shinned","Immature","M",160,90,132,2002
"702","Sharp-shinned","Immature","M",166,105,131,2002
"703","Red-tailed","Immature","Unknown",362,1305,234,2002
"704","Red-tailed","Immature","Unknown",375,975,220,2002
"705","Red-tailed","Immature","Unknown",388,1185,225,2002
"706","Red-tailed","Immature","Unknown",392,1030,214,2002
"707","Red-tailed","Immature","Unknown",412,1215,230,2002
"708","Red-tailed","Immature","Unknown",371,1075,220,2002
"709","Cooper's","Adult","F",255,960,200,2002
"710","Red-tailed","Immature","Unknown",391,795,209,2002
"711","Sharp-shinned","Immature","F",190,180,156,2002
"712","Red-tailed","Immature","Unknown",385,1225,225,2002
"713","Sharp-shinned","Immature","M",166,110,139,2002
"714","Sharp-shinned","Adult","F",197,165,159,2002
"715","Red-tailed","Immature","Unknown",370,920,226,2002
"716","Sharp-shinned","Immature","F",190,170,154,2002
"717","Red-tailed","Immature","Unknown",400,1315,230,2002
"718","Sharp-shinned","Immature","M",162,100,131,2002
"719","Sharp-shinned","Immature","F",194,155,156,2002
"720","Red-tailed","Immature","Unknown",395,1155,233,2002
"721","Red-tailed","Immature","Unknown",403,1160,235,2002
"722","Red-tailed","Immature","Unknown",386,955,226,2002
"723","Sharp-shinned","Adult","F",193,190,145,2002
"724","Sharp-shinned","Adult","F",203,180,156,2002
"725","Sharp-shinned","Adult","M",159,90,130,2002
"726","Sharp-shinned","Immature","M",163,100,130,2002
"727","Sharp-shinned","Adult","M",191,190,147,2002
"728","Sharp-shinned","Immature","M",166,105,141,2002
"729","Red-tailed","Immature","Unknown",361,1030,231,2002
"730","Cooper's","Adult","F",260,565,205,2002
"731","Cooper's","Adult","M",234,380,192,2002
"732","Red-tailed","Immature","Unknown",377,1040,225,2002
"733","Red-tailed","Immature","Unknown",361,910,205,2002
"734","Red-tailed","Immature","Unknown",375,1005,226,2002
"735","Sharp-shinned","Immature","F",193,180,156,2002
"736","Sharp-shinned","Immature","F",196,175,153,2002
"737","Sharp-shinned","Immature","M",159,105,131,2002
"738","Sharp-shinned","Immature","F",192,190,155,2002
"739","Red-tailed","Immature","Unknown",401,1250,230,2002
"740","Sharp-shinned","Immature","F",198,185,165,2002
"741","Red-tailed","Immature","Unknown",407,1275,238,2002
"742","Sharp-shinned","Immature","M",162,105,132,2002
"743","Cooper's","Adult","F",169,640,233,2002
"744","Sharp-shinned","Immature","M",168,100,135,2002
"745","Sharp-shinned","Adult","M",168,105,134,2002
"746","Cooper's","Adult","M",223,390,181,2002
"747","Red-tailed","Immature","Unknown",375,1030,217,2002
"748","Red-tailed","Adult","Unknown",406,1290,227,2002
"749","Red-tailed","Immature","Unknown",386,1020,230,2002
"750","Sharp-shinned","Adult","M",160,105,136,2002
"751","Red-tailed","Immature","Unknown",378,1055,217,2002
"752","Sharp-shinned","Adult","F",193,185,154,2002
"753","Red-tailed","Immature","Unknown",379,1010,216,2002
"754","Red-tailed","Immature","Unknown",364,1015,215,2002
"755","Red-tailed","Adult","Unknown",350,1115,199,2002
"756","Red-tailed","Immature","Unknown",380,1320,210,2002
"757","Red-tailed","Adult","Unknown",395,1180,217,2002
"758","Red-tailed","Immature","Unknown",372,1145,212,2002
"759","Red-tailed","Immature","Unknown",376,995,223,2002
"760","Red-tailed","Immature","Unknown",367,1045,215,2002
"761","Cooper's","Immature","M",230,340,196,2002
"762","Red-tailed","Immature","Unknown",366,935,218,2002
"763","Red-tailed","Immature","Unknown",386,1065,221,2002
"764","Red-tailed","Immature","Unknown",375,1110,215,2002
"765","Sharp-shinned","Immature","F",199,190,163,2002
"766","Red-tailed","Adult","Unknown",405,1255,218,2002
"767","Red-tailed","Adult","Unknown",371,1015,204,2002
"768","Sharp-shinned","Immature","F",193,190,151,2002
"769","Red-tailed","Immature","Unknown",350,960,218,2002
"770","Sharp-shinned","Immature","F",193,200,155,2002
"771","Red-tailed","Adult","Unknown",368,1090,216,2002
"772","Sharp-shinned","Immature","M",185,170,156,2002
"773","Red-tailed","Immature","Unknown",372,1085,220,2002
"774","Red-tailed","Immature","Unknown",396,1065,230,2002
"775","Red-tailed","Immature","Unknown",365,1125,213,2002
"776","Red-tailed","Immature","Unknown",374,1050,220,2002
"777","Cooper's","Immature","F",253,525,213,2002
"778","Red-tailed","Immature","Unknown",372,980,215,2002
"779","Red-tailed","Immature","Unknown",376,1180,214,2002
"780","Sharp-shinned","Immature","M",166,115,136,2002
"781","Red-tailed","Immature","Unknown",369,1095,215,2002
"782","Red-tailed","Adult","Unknown",391,1330,217,2002
"783","Sharp-shinned","Immature","F",193,185,158,2002
"784","Red-tailed","Adult","Unknown",397,1100,219,2002
"785","Red-tailed","Immature","Unknown",366,1115,215,2002
"786","Red-tailed","Adult","Unknown",385,1400,211,2002
"787","Red-tailed","Immature","Unknown",400,1175,234,2002
"788","Sharp-shinned","Immature","F",198,185,161,2002
"789","Red-tailed","Adult","Unknown",365,970,208,2003
"790","Sharp-shinned","Immature","F",194,170,153,2003
"791","Sharp-shinned","Immature","F",195,175,152,2003
"792","Sharp-shinned","Immature","F",200,165,163,2003
"793","Red-tailed","Immature","Unknown",384,1260,226,2003
"794","Sharp-shinned","Immature","M",159,110,125,2003
"795","Sharp-shinned","Immature","M",161,100,134,2003
"796","Sharp-shinned","Immature","F",191,190,162,2003
"797","Cooper's","Immature","M",216,305,185,2003
"798","Cooper's","Immature","F",256,510,212,2003
"799","Sharp-shinned","Immature","M",161,90,123,2003
"800","Red-tailed","Adult","Unknown",396,1195,228,2003
"801","Red-tailed","Immature","Unknown",391,1035,221,2003
"802","Sharp-shinned","Immature","M",160,90,131,2003
"803","Sharp-shinned","Immature","M",183,160,143,2003
"804","Sharp-shinned","Immature","M",156,85,129,2003
"805","Red-tailed","Immature","Unknown",393,1155,223,2003
"806","Red-tailed","Immature","Unknown",397,1260,232,2003
"807","Sharp-shinned","Immature","M",159,95,125,2003
"808","Cooper's","Immature","F",255,440,214,2003
"809","Sharp-shinned","Immature","M",197,175,150,2003
"810","Cooper's","Immature","M",218,295,183,2003
"811","Sharp-shinned","Immature","F",196,160,158,2003
"812","Red-tailed","Immature","Unknown",384,1010,230,2003
"813","Red-tailed","Immature","Unknown",385,990,225,2003
"814","Sharp-shinned","Immature","M",181,150,141,2003
"815","Cooper's","Immature","M",225,300,183,2003
"816","Red-tailed","Immature","Unknown",379,945,224,2003
"817","Sharp-shinned","Immature","F",201,188,162,2003
"818","Sharp-shinned","Immature","M",161,95,131,2003
"819","Cooper's","Adult","M",230,330,188,2003
"820","Sharp-shinned","Immature","M",159,95,132,2003
"821","Red-tailed","Immature","Unknown",367,970,215,2003
"822","Red-tailed","Immature","Unknown",396,1240,237,2003
"823","Sharp-shinned","Immature","M",157,105,133,2003
"824","Sharp-shinned","Immature","F",191,165,156,2003
"825","Sharp-shinned","Immature","F",191,170,163,2003
"826","Sharp-shinned","Immature","M",168,100,134,2003
"827","Red-tailed","Immature","Unknown",428,1290,253,2003
"828","Cooper's","Adult","F",252,470,211,2003
"829","Sharp-shinned","Adult","F",192,175,160,2003
"830","Sharp-shinned","Adult","F",195,195,158,2003
"831","Cooper's","Adult","M",233,335,187,2003
"832","Red-tailed","Adult","Unknown",364,1150,196,2003
"833","Red-tailed","Immature","Unknown",370,960,217,2003
"834","Red-tailed","Immature","Unknown",400,1130,227,2003
"835","Red-tailed","Immature","Unknown",375,925,220,2003
"836","Red-tailed","Immature","Unknown",398,1205,227,2003
"837","Red-tailed","Immature","Unknown",385,1040,238,2003
"838","Sharp-shinned","Immature","M",156,100,122,2003
"839","Cooper's","Immature","M",230,335,201,2003
"840","Cooper's","Immature","M",220,335,185,2003
"841","Sharp-shinned","Immature","M",163,105,137,2003
"842","Red-tailed","Immature","Unknown",376,860,220,2003
"843","Red-tailed","Immature","Unknown",360,935,212,2003
"844","Red-tailed","Adult","Unknown",372,1010,197,2003
"845","Red-tailed","Immature","Unknown",400,1285,230,2003
"846","Sharp-shinned","Adult","F",194,210,147,2003
"847","Red-tailed","Immature","Unknown",370,830,233,2003
"848","Sharp-shinned","Immature","M",160,95,135,2003
"849","Red-tailed","Immature","Unknown",403,1350,140,2003
"850","Red-tailed","Immature","Unknown",375,1010,218,2003
"851","Red-tailed","Immature","Unknown",373,960,222,2003
"852","Red-tailed","Immature","Unknown",385,1370,233,2003
"853","Sharp-shinned","Immature","F",143,170,159,2003
"854","Sharp-shinned","Immature","M",162,100,136,2003
"855","Red-tailed","Immature","Unknown",392,1250,222,2003
"856","Red-tailed","Immature","Unknown",372,915,203,2003
"857","Red-tailed","Immature","Unknown",375,850,218,2003
"858","Red-tailed","Immature","Unknown",415,1285,242,2003
"859","Sharp-shinned","Adult","M",161,95,129,2003
"860","Red-tailed","Adult","Unknown",380,1005,205,2003
"861","Red-tailed","Adult","Unknown",411,1220,236,2003
"862","Sharp-shinned","Adult","M",161,95,121,2003
"863","Sharp-shinned","Immature","M",165,100,134,2003
"864","Red-tailed","Immature","Unknown",393,1265,233,2003
"865","Red-tailed","Immature","Unknown",370,1020,211,2003
"866","Cooper's","Adult","M",230,360,186,2003
"867","Red-tailed","Immature","Unknown",365,895,217,2003
"868","Red-tailed","Immature","Unknown",371,1160,218,2003
"869","Red-tailed","Immature","Unknown",400,1585,241,2003
"870","Red-tailed","Adult","Unknown",382,1140,218,2003
"871","Red-tailed","Adult","Unknown",371,1115,208,2003
"872","Red-tailed","Adult","Unknown",370,1145,212,2003
"873","Sharp-shinned","Adult","F",194,185,152,2003
"874","Red-tailed","Adult","Unknown",347,990,203,2003
"875","Red-tailed","Immature","Unknown",363,945,218,2003
"876","Sharp-shinned","Immature","F",195,165,153,2003
"877","Red-tailed","Adult","Unknown",392,1030,196,2003
"878","Cooper's","Immature","M",220,320,184,2003
"879","Sharp-shinned","Immature","F",193,105,156,2003
"880","Red-tailed","Immature","Unknown",365,990,217,2003
"881","Red-tailed","Adult","Unknown",387,1065,212,2003
"882","Red-tailed","Immature","Unknown",400,1050,237,2003
"883","Red-tailed","Immature","Unknown",362,840,206,2003
"884","Sharp-shinned","Immature","F",198,190,158,2003
"885","Sharp-shinned","Immature","F",190,200,157,2003
"886","Sharp-shinned","Immature","F",197,185,157,2003
"887","Red-tailed","Adult","Unknown",370,1000,201,2003
"888","Sharp-shinned","Immature","F",200,185,158,2003
"889","Red-tailed","Adult","Unknown",360,1325,224,2003
"890","Red-tailed","Adult","Unknown",366,945,199,2003
"891","Red-tailed","Adult","Unknown",402,1350,219,2003
"892","Red-tailed","Immature","Unknown",366,805,217,2003
"893","Red-tailed","Immature","Unknown",380,1525,224,2003
"894","Sharp-shinned","Immature","F",190,175,150,2003
"895","Red-tailed","Immature","Unknown",360,790,211,2003
"896","Red-tailed","Immature","Unknown",369,860,207,2003
"897","Red-tailed","Adult","Unknown",199,1290,222,2003
